val_loss,val_micro_auroc,val_micro_auprc,val_macro_auroc,val_macro_auprc,val_TP53_auroc,val_HRD_auroc,val_TP53_auprc,val_HRD_auprc,test_loss,test_micro_auroc,test_micro_auprc,test_macro_auroc,test_macro_auprc,test_TP53_auroc,test_HRD_auroc,test_TP53_auprc,test_HRD_auprc
1.8507388642644331,0.725820707070707,0.5833544243518357,0.7205964325529544,0.5857871074737169,0.7230769230769232,0.7181159420289855,0.4496676393669907,0.721906575580443,1.7813919807171827,0.7227422248803826,0.6466579130013514,0.7087631247096302,0.6395804065457582,0.6843278688524589,0.7331983805668016,0.5536010874647942,0.7255597256267223
