val_loss,val_micro_auroc,val_micro_auprc,val_macro_auroc,val_macro_auprc,val_TP53_auroc,val_HRD_auroc,val_TP53_auprc,val_HRD_auprc,test_loss,test_micro_auroc,test_micro_auprc,test_macro_auroc,test_macro_auprc,test_TP53_auroc,test_HRD_auroc,test_TP53_auprc,test_HRD_auprc
0.6542421061914045,0.6188762626262625,0.4743128056136533,0.505843552582683,0.3990012006938408,0.48076923076923084,0.5309178743961352,0.2811355311355311,0.5168668702521506,0.6647949709046271,0.6129784688995215,0.5088117585494082,0.558392361736624,0.455941734043316,0.5211803278688525,0.5956043956043956,0.3410961504562774,0.5707873176303546
