val_loss,val_micro_auroc,val_micro_auprc,val_macro_auroc,val_macro_auprc,val_TP53_auroc,val_HRD_auroc,val_TP53_auprc,val_HRD_auprc,test_loss,test_micro_auroc,test_micro_auprc,test_macro_auroc,test_macro_auprc,test_TP53_auroc,test_HRD_auroc,test_TP53_auprc,test_HRD_auprc
1.803953068003386,0.7202651515151515,0.5855587663477163,0.715728353771832,0.5845266479741507,0.7384615384615384,0.6929951690821257,0.5222392570319075,0.6468140389163937,1.564555733976166,0.7508971291866029,0.678940481430335,0.7479471313845776,0.6749778133132367,0.7617704918032787,0.7341237709658763,0.6190629883664156,0.7308926382600577
