gene,Prov-gigapath,HIPT,Ctranspath,REMEDIS,FMBC
LUADEGFR(TCGA),0.766,0.606,0.541,0.619,0.610987
LUADFAT1(TCGA),0.552,0.466,0.503,0.523,0.694402
LUADKRAS(TCGA),0.61,0.596,0.472,0.578,0.577863
LUADLRP1B(TCGA),0.598,0.553,0.529,0.553,0.650806
LUADTP53(TCGA),0.749,0.679,0.65,0.702,0.667291


