val_loss,val_micro_auroc,val_micro_auprc,val_macro_auroc,val_macro_auprc,val_EGFR_auroc,val_FAT1_auroc,val_KRAS_auroc,val_LRP1B_auroc,val_TP53_auroc,val_EGFR_auprc,val_FAT1_auprc,val_KRAS_auprc,val_LRP1B_auprc,val_TP53_auprc,test_loss,test_micro_auroc,test_micro_auprc,test_macro_auroc,test_macro_auprc,test_EGFR_auroc,test_FAT1_auroc,test_KRAS_auroc,test_LRP1B_auroc,test_TP53_auroc,test_EGFR_auprc,test_FAT1_auprc,test_KRAS_auprc,test_LRP1B_auprc,test_TP53_auprc
0.4870231157789628,0.7794117647058824,0.4485884631693371,0.777417094017094,0.5248362220568102,0.9119999999999999,0.7307692307692307,0.7115384615384615,0.6527777777777779,0.88,0.7476190476190476,0.4464285714285714,0.2463235294117647,0.2927444695827049,0.8910654922419627,0.6197964285754345,0.7133096815321933,0.4230080266814047,0.6593783147682668,0.3895871934616609,0.7923076923076923,0.5358649789029536,0.6788710907704042,0.6733454766241651,0.6165023352361183,0.4827900120855945,0.12505794106656665,0.3314604783848257,0.41904220809369025,0.5895853276776273
