val_loss,val_micro_auroc,val_micro_auprc,val_macro_auroc,val_macro_auprc,val_EGFR_auroc,val_FAT1_auroc,val_KRAS_auroc,val_LRP1B_auroc,val_TP53_auroc,val_EGFR_auprc,val_FAT1_auprc,val_KRAS_auprc,val_LRP1B_auprc,val_TP53_auprc,test_loss,test_micro_auroc,test_micro_auprc,test_macro_auroc,test_macro_auprc,test_EGFR_auroc,test_FAT1_auroc,test_KRAS_auroc,test_LRP1B_auroc,test_TP53_auroc,test_EGFR_auprc,test_FAT1_auprc,test_KRAS_auprc,test_LRP1B_auprc,test_TP53_auprc
0.5604527452113953,0.7217759928603301,0.4877418918313699,0.6491977071574276,0.3921029170274811,0.7923076923076923,0.5875,0.6823529411764706,0.43176178660049624,0.7520661157024793,0.36173550587343695,0.15711206896551724,0.4238496299022615,0.27037485007508205,0.7474425303211081,0.5134864511019593,0.7551904709222997,0.5271349103190114,0.682009197234768,0.39405552836913166,0.67002688172043,0.5533395176252319,0.6884831460674158,0.7603668261562999,0.7378296146044624,0.28683423232541766,0.12445185651207803,0.2990849599779686,0.5650892684093123,0.6948173246208816
