val_loss,val_micro_auroc,val_micro_auprc,val_macro_auroc,val_macro_auprc,val_EGFR_auroc,val_FAT1_auroc,val_KRAS_auroc,val_LRP1B_auroc,val_TP53_auroc,val_EGFR_auprc,val_FAT1_auprc,val_KRAS_auprc,val_LRP1B_auprc,val_TP53_auprc,test_loss,test_micro_auroc,test_micro_auprc,test_macro_auroc,test_macro_auprc,test_EGFR_auroc,test_FAT1_auroc,test_KRAS_auroc,test_LRP1B_auroc,test_TP53_auroc,test_EGFR_auprc,test_FAT1_auprc,test_KRAS_auprc,test_LRP1B_auprc,test_TP53_auprc
0.4965192966840484,0.7304774654172244,0.48810685556305367,0.5897176077329604,0.3675088876667635,0.7076923076923076,0.5,0.5676470588235294,0.38089330024813894,0.7923553719008265,0.2584016636957814,0.33214285714285713,0.27144016639959845,0.25313315233891565,0.722426598756665,0.5005920250481422,0.7221945642954604,0.46238399994667573,0.6322052245017502,0.3421626741313083,0.6780913978494624,0.5227272727272727,0.7221910112359551,0.5745614035087719,0.6634550371872887,0.2314127044284941,0.11122524196084355,0.32921082424985404,0.4391062405947018,0.599858359422648
