val_loss,val_micro_auroc,val_micro_auprc,val_macro_auroc,val_macro_auprc,val_EGFR_auroc,val_FAT1_auroc,val_KRAS_auroc,val_LRP1B_auroc,val_TP53_auroc,val_EGFR_auprc,val_FAT1_auprc,val_KRAS_auprc,val_LRP1B_auprc,val_TP53_auprc,test_loss,test_micro_auroc,test_micro_auprc,test_macro_auroc,test_macro_auprc,test_EGFR_auroc,test_FAT1_auroc,test_KRAS_auroc,test_LRP1B_auroc,test_TP53_auroc,test_EGFR_auprc,test_FAT1_auprc,test_KRAS_auprc,test_LRP1B_auprc,test_TP53_auprc
0.5125568678433244,0.6976796073181616,0.4022654697208937,0.4841132854768141,0.28388454899219306,0.33076923076923076,0.740625,0.4191176470588235,0.36600496277915634,0.5640495867768596,0.09645802226447388,0.20773809523809522,0.2740997019392605,0.2462596903823423,0.5948672351367934,0.5144553881719571,0.6953479367186637,0.4092324488971447,0.5545758385363204,0.31567230379037453,0.43010752688172044,0.5176252319109462,0.6778089887640449,0.5596092503987241,0.5877281947261663,0.1309888646103207,0.14256234113221988,0.3033746813281482,0.4068966349738765,0.5945389969073075
