val_loss,val_micro_auroc,val_micro_auprc,val_macro_auroc,val_macro_auprc,val_EGFR_auroc,val_FAT1_auroc,val_KRAS_auroc,val_LRP1B_auroc,val_TP53_auroc,val_EGFR_auprc,val_FAT1_auprc,val_KRAS_auprc,val_LRP1B_auprc,val_TP53_auprc,test_loss,test_micro_auroc,test_micro_auprc,test_macro_auroc,test_macro_auprc,test_EGFR_auroc,test_FAT1_auroc,test_KRAS_auroc,test_LRP1B_auroc,test_TP53_auroc,test_EGFR_auprc,test_FAT1_auprc,test_KRAS_auprc,test_LRP1B_auprc,test_TP53_auprc
0.5073192383755337,0.7028112449799196,0.44584549835447446,0.5519186085319431,0.3272285459987934,0.4256410256410256,0.7625,0.47352941176470587,0.4863523573200993,0.6115702479338844,0.17839570339570338,0.23097826086956522,0.2993039319447489,0.3102392904235125,0.6172255433604369,0.49955107381037617,0.7128277464321275,0.46210900125205007,0.5994256639726684,0.33942203452884606,0.6169354838709677,0.6062152133580705,0.5587078651685393,0.59170653907496,0.6235632183908046,0.24548450107930797,0.18397788646507726,0.21647029580210003,0.47647338770860714,0.5747041015891378
